,name,avg_defender_distance,avg_dribbles,avg_shot_distance,avg_touch_time
0,"Acy, Quincy",4.92415902141,0.318042813456,14.1620795107,1.54434250765
1,"Adams, Jordan",4.54534883721,1.17441860465,13.5244186047,1.78488372093
2,"Adams, Steven",2.73112244898,0.375,4.99668367347,1.50816326531
3,"Adrien, Jeff",2.70465116279,0.511627906977,6.52790697674,1.79302325581
4,"Afflalo, Arron",3.97639046538,1.65947786606,16.5064699205,2.36640181612
5,"Ajinca, Alexis",3.46788990826,0.501529051988,8.02996941896,1.69235474006
6,"Aldemir, Furkan",3.96623376623,0.207792207792,6.8987012987,1.04675324675
7,"Aldrich, Cole",2.70777027027,0.523648648649,6.17837837838,1.71114864865
8,"Aldridge, LaMarcus",4.13684210526,1.2560455192,13.6869843528,2.46522048364
9,"Allen, Lavoy",4.84452054795,0.229452054795,11.4503424658,1.07534246575
10,"Allen, Tony",3.5225950783,0.937360178971,5.96487695749,1.6841163311
11,"Aminu, Al-Farouq",4.77098591549,0.633802816901,12.481971831,1.50169014085
12,"Amundson, Lou",3.11572580645,0.633064516129,6.82016129032,1.62056451613
13,"Andersen, Chris",3.42929292929,0.151515151515,6.26464646465,1.08232323232
14,"Anderson, Alan",4.01786542923,1.41067285383,16.0394431555,2.37076566125
15,"Anderson, Kyle",4.20337078652,2.40449438202,12.0123595506,3.24382022472
16,"Anderson, Ryan",4.76519944979,0.762035763411,17.6431911967,1.79188445667
17,"Antetokounmpo, Giannis",3.63782722513,1.79842931937,9.50366492147,2.76479057592
18,"Anthony, Carmelo",3.64066073698,1.81448538755,15.0672172808,3.22477763659
19,"Anthony, Joel",3.05081967213,0.27868852459,6.04098360656,1.38360655738
20,"Antic, Pero",5.14033898305,0.169491525424,18.0155932203,1.22203389831
21,"Ariza, Trevor",5.33470982143,0.814732142857,17.8030133929,1.70133928571
22,"Arthur, Darrell",5.68661417323,0.244094488189,17.3950131234,1.1062992126
23,"Asik, Omer",2.43065693431,0.192214111922,2.65060827251,1.10632603406
24,"Augustin, D.J.",4.12383900929,5.46904024768,14.890247678,5.12368421053
25,"Ayres, Jeff",3.14255319149,0.170212765957,5.44574468085,1.02340425532
26,"Babbitt, Luke",5.98802083333,0.692708333333,18.7369791667,1.53854166667
27,"Bairstow, Cameron",4.57857142857,0.285714285714,10.7714285714,1.6
28,"Barbosa, Leandro",4.03342105263,1.74473684211,13.1342105263,2.29526315789
29,"Barea, Jose Juan",4.14953271028,5.74579439252,13.5222429907,5.31588785047
30,"Bargnani, Andrea",4.39277777778,0.45,14.7047222222,1.70305555556
31,"Barnes, Harrison",5.28699690402,1.02476780186,13.8309597523,1.86609907121
32,"Barnes, Matt",5.37944983819,0.470873786408,17.0108414239,1.32087378641
33,"Barron, Earl",4.98461538462,0.384615384615,13.9025641026,1.34615384615
34,"Barton, Will",3.85485714286,2.56285714286,12.1931428571,3.23057142857
35,"Bass, Brandon",3.65825958702,0.715339233038,10.4584070796,1.85457227139
36,"Batum, Nicolas",5.60033444816,1.30769230769,18.4016722408,2.04983277592
37,"Bayless, Jerryd",4.83968565815,3.40078585462,15.1218074656,3.89508840864
38,"Baynes, Aron",3.19722222222,0.197530864198,6.04938271605,1.10740740741
39,"Bazemore, Kent",5.10731707317,1.42682926829,14.012195122,2.03384146341
40,"Beal, Bradley",4.54322732627,1.99293286219,15.9989399293,2.55524146054
41,"Beasley, Michael",4.05566037736,1.19339622642,13.0344339623,2.3320754717
42,"Belinelli, Marco",5.08872340426,1.13829787234,18.7482978723,1.81914893617
43,"Benimon, Jerrelle",,,,
44,"Bennett, Anthony",4.70067567568,0.368243243243,13.6445945946,1.24662162162
45,"Beverley, Patrick",5.17631578947,2.43609022556,17.4607142857,3.01221804511
46,"Bhullar, Sim",3.55,1.0,11.15,1.8
47,"Biyombo, Bismack",2.44216216216,0.351351351351,4.21027027027,1.39675675676
48,"Black, Tarik",2.88702290076,0.358778625954,4.67748091603,1.47748091603
49,"Blair, DeJuan",3.03157894737,0.473684210526,7.23333333333,1.45438596491
50,"Blake, Steve",5.71009174312,3.23853211009,21.4516819572,3.43425076453
51,"Bledsoe, Eric",4.40153846154,4.63557692308,13.2865384615,4.88788461538
52,"Blue, Vander",3.76333333333,2.9,13.7366666667,3.64333333333
53,"Bogdanovic, Bojan",4.79591474245,1.20603907638,15.6106571936,1.80053285968
54,"Bogut, Andrew",3.08681948424,0.710601719198,5.05300859599,1.50744985673
55,"Bonner, Matt",5.51746724891,0.781659388646,18.2746724891,1.38689956332
56,"Booker, Trevor",4.17554112554,0.670995670996,10.9359307359,1.46601731602
57,"Boozer, Carlos",3.46019021739,0.714673913043,9.84524456522,1.99972826087
58,"Bosh, Chris",4.49206989247,0.715053763441,15.2642473118,2.29704301075
59,"Bradley, Avery",4.43801980198,1.5198019802,18.0299009901,1.90405940594
60,"Brand, Elton",4.95698924731,0.290322580645,11.9010752688,1.13655913978
61,"Brewer, Corey",4.1989860583,1.06970849176,12.7956907478,1.73561470215
62,"Brooks, Aaron",3.68961681088,5.37082818294,14.9299134734,4.98133498146
63,"Brown, Jabari",4.40176470588,1.72941176471,15.5076470588,2.44764705882
64,"Brown, Lorenzo",4.15081967213,3.22131147541,12.8450819672,3.65573770492
65,"Brown, Markel",4.41923076923,1.52403846154,14.4927884615,2.19278846154
66,"Brown, Shannon",4.64736842105,2.42105263158,14.1947368421,3.11578947368
67,"Bryant, Kobe",3.24331926864,3.48804500703,16.4684950774,4.62489451477
68,"Budinger, Chase",4.17984496124,0.59173126615,14.6354005168,1.30852713178
69,"Bullock, Reggie",5.67857142857,0.5,19.82,1.30285714286
70,"Burke, Trey",4.0406779661,3.21136590229,16.8618145563,3.48773678963
71,"Burks, Alec",3.964,2.61666666667,13.37,3.02566666667
72,"Butler, Caron",4.92,0.670886075949,20.3172151899,1.68911392405
73,"Butler, Jimmy",4.01989010989,1.44175824176,12.9182417582,2.50582417582
74,"Butler, Rasual",4.25426356589,0.748062015504,17.9430232558,1.58488372093
75,"Buycks, Dwight",3.5,6.1,14.9275,5.865
76,"Bynum, Will",4.45806451613,5.58064516129,15.9451612903,5.55161290323
77,"Caboclo, Bruno",4.91666666667,2.08333333333,11.5416666667,2.23333333333
78,"Calathes, Nick",4.15665236052,3.9356223176,10.7446351931,3.57939914163
79,"Calderon, Jose",4.68150289017,2.18786127168,19.5815028902,2.66994219653
80,"Caldwell-Pope, Kentavious",4.44958847737,1.44444444444,16.8032921811,2.02767489712
81,"Canaan, Isaiah",4.59918256131,3.3514986376,19.251226158,3.53269754768
82,"Capela, Clint",2.26551724138,0.172413793103,3.48275862069,1.04137931034
83,"Carroll, DeMarre",4.69409020218,0.839813374806,14.4265940902,1.61104199067
84,"Carter, Vince",4.64701492537,1.23383084577,19.5982587065,1.97935323383
85,"Carter-Williams, Michael",3.47366120219,4.82841530055,11.7301639344,4.99617486339
86,"Casspi, Omri",3.72470308789,1.38479809976,9.56128266033,2.09976247031
87,"Chalmers, Mario",4.22942989214,3.17103235747,14.1647149461,3.36856702619
88,"Chandler, Tyson",3.22119815668,0.124423963134,4.28801843318,0.902995391705
89,"Chandler, Wilson",3.99804526749,1.52366255144,14.9361111111,2.38827160494
90,"Cherry, Will",4.86315789474,1.63157894737,14.4421052632,2.22105263158
91,"Christopher, Patrick",5.25833333333,1.25,17.1,1.975
92,"Clark, Earl",5.95333333333,0.4,19.73,1.29666666667
93,"Clark, Ian",5.56603773585,1.41509433962,18.7811320755,1.97924528302
94,"Clarkson, Jordan",3.78935810811,5.00168918919,13.6157094595,5.25472972973
95,"Claver, Victor",5.42,0.2,16.99,0.975
96,"Cole, Norris",4.54616788321,3.21167883212,15.4260948905,3.64872262774
97,"Collison, Darren",4.26781818182,4.66363636364,15.2961818182,4.91218181818
98,"Collison, Nick",4.49920634921,0.325396825397,12.294047619,1.23968253968
99,"Conley, Mike",4.33931428571,4.2,14.2909714286,4.29725714286
100,"Cooley, Jack",3.07272727273,0.181818181818,6.85454545455,1.12727272727
101,"Copeland, Chris",4.15162337662,1.11688311688,16.8172077922,2.08441558442
102,"Cotton, Bryce",4.53043478261,4.24637681159,16.1347826087,4.22173913043
103,"Cousins, DeMarcus",3.324,1.16095238095,8.58542857143,2.55114285714
104,"Covington, Robert",4.38461538462,0.78677462888,17.769365722,1.75101214575
105,"Crabbe, Allen",5.63684210526,0.493421052632,18.3460526316,1.33947368421
106,"Crawford, Jamal",3.8400476758,3.22169249106,18.8905840286,3.5442193087
107,"Crowder, Jae",4.68379373849,0.766114180479,15.3664825046,1.52799263352
108,"Cunningham, Dante",4.7674556213,0.239644970414,14.2692307692,1.11568047337
109,"Cunningham, Jared",4.63939393939,1.48484848485,15.0060606061,2.09393939394
110,"Curry, Seth",2.4,0.333333333333,22.9,3.03333333333
111,"Curry, Stephen",4.51099317665,3.68006065201,17.7504169826,3.91311599697
112,"Dalembert, Samuel",3.59076923077,0.369230769231,8.55769230769,1.50153846154
113,"Daniels, Troy",5.14906832298,0.962732919255,22.2658385093,1.71614906832
114,"Datome, Gigi",4.85730337079,1.31460674157,18.3640449438,1.82359550562
115,"Davies, Brandon",4.22116788321,0.36496350365,12.299270073,1.60875912409
116,"Davis, Anthony",3.69580888516,0.576697401509,10.6298407376,1.91609388097
117,"Davis, Ed",2.24043478261,0.382608695652,4.38413043478,1.23695652174
118,"Davis, Glen",3.77176470588,0.525490196078,7.76745098039,1.71529411765
119,"Dawkins, Andre",4.05,0.166666666667,24.8333333333,1.23333333333
120,"Daye, Austin",5.16357142857,0.735714285714,17.9664285714,1.55357142857
121,"DeRozan, DeMar",3.42672064777,3.11538461538,13.4531376518,3.65910931174
122,"Dedmon, Dewayne",2.93924050633,0.341772151899,4.80189873418,1.07658227848
123,"Dellavedova, Matthew",5.40196721311,2.8131147541,18.1829508197,3.09573770492
124,"Deng, Luol",4.13727272727,0.945454545455,13.7635064935,1.81597402597
125,"Diaw, Boris",4.71917591125,1.51505546751,12.2656101426,2.35641838352
126,"Dieng, Gorgui",3.42315369261,0.437125748503,8.26846307385,1.99540918164
127,"Dinwiddie, Spencer",3.97396449704,5.62130177515,16.1923076923,5.85147928994
128,"Dorsey, Joey",2.59370629371,0.391608391608,3.78391608392,1.41888111888
129,"Douglas, Toney",4.47254901961,3.50980392157,15.8254901961,3.77647058824
130,"Douglas-Roberts, Chris",5.18095238095,1.71428571429,12.0047619048,2.18571428571
131,"Dragic, Goran",4.00040322581,3.11794354839,11.6527217742,3.45947580645
132,"Dragic, Zoran",4.35,1.4,14.8466666667,2.03333333333
133,"Drew, Larry",5.42456140351,2.17543859649,20.4350877193,2.81929824561
134,"Drummond, Andre",2.63371970495,0.600632244468,4.56301369863,1.50052687039
135,"Dudley, Jared",5.74951456311,0.405339805825,18.0665048544,1.21529126214
136,"Duncan, Tim",3.2373006135,0.755828220859,8.37754601227,2.06049079755
137,"Dunleavy, Mike",4.97083333333,0.520833333333,18.6710416667,1.25166666667
138,"Durant, Kevin",3.86381156317,2.12205567452,16.1903640257,3.2721627409
139,"Early, Cleanthony",4.0676056338,0.737089201878,15.8863849765,1.76666666667
140,"Ellington, Wayne",4.45993485342,2.02931596091,18.5403908795,2.72198697068
141,"Ellis, Monta",4.31123429416,3.11825572801,14.3229859571,3.84227642276
142,"Ennis, James",4.85040650407,0.841463414634,14.2589430894,1.51707317073
143,"Ennis, Tyler",4.34583333333,4.47916666667,13.7319444444,4.63055555556
144,"Evans, Jeremy",2.92068965517,0.224137931034,7.73275862069,1.1224137931
145,"Evans, Reggie",2.71838235294,0.426470588235,4.40220588235,1.70735294118
146,"Evans, Tyreke",3.60784482759,4.61982758621,10.2013793103,5.19267241379
147,"Exum, Dante",5.93961352657,1.70531400966,19.6640096618,2.28502415459
148,"Ezeli, Festus",2.72773722628,0.510948905109,5.4802919708,1.43941605839
149,"Faried, Kenneth",2.79821673525,0.710562414266,5.84293552812,1.6341563786
150,"Farmar, Jordan",5.24240506329,3.48734177215,20.5113924051,3.92784810127
151,"Favors, Derrick",3.09802847755,0.595837897043,8.03669222344,1.74140197152
152,"Felton, Raymond",4.39150943396,4.41509433962,15.5971698113,4.45094339623
153,"Fields, Landry",3.3358974359,1.74358974359,6.94871794872,2.23333333333
154,"Fournier, Evan",4.77534965035,2.03146853147,14.6407342657,2.66818181818
155,"Foye, Randy",4.78009950249,2.49502487562,20.4766169154,3.17189054726
156,"Franklin, Jamaal",3.85,1.0,25.3,2.3
157,"Frazier, Tim",5.03653846154,4.44230769231,14.6692307692,4.66346153846
158,"Fredette, Jimmer",4.60602409639,3.42771084337,14.1253012048,3.65843373494
159,"Freeland, Joel",4.024,0.44,10.3966666667,1.48333333333
160,"Frye, Channing",5.62757201646,0.255144032922,21.6518518519,1.10967078189
161,"Gallinari, Danilo",4.5569664903,1.22574955908,18.8742504409,2.54656084656
162,"Galloway, Langston",4.53932135729,2.22954091816,16.7111776447,2.61656686627
163,"Garcia, Francisco",5.76031746032,1.36507936508,20.2825396825,1.91587301587
164,"Garnett, Kevin",5.15451505017,0.401337792642,14.7806020067,1.47357859532
165,"Gasol, Marc",4.17876520112,0.839101964453,11.0124415341,2.30823199252
166,"Gasol, Pau",3.77091703057,0.971179039301,10.2747598253,2.2719650655
167,"Gay, Rudy",3.58228417266,2.5773381295,13.0956834532,3.52284172662
168,"Gee, Alonzo",4.17513513514,1.43783783784,8.86216216216,2.08
169,"George, Paul",4.41632653061,2.28571428571,17.5020408163,3.12040816327
170,"Gibson, Taj",2.72976190476,0.577380952381,6.48968253968,1.73968253968
171,"Ginobili, Manu",4.25521367521,2.77435897436,15.0252991453,3.33811965812
172,"Gobert, Rudy",2.55117924528,0.22641509434,3.80212264151,0.99929245283
173,"Gooden, Drew",5.1315018315,0.355311355311,15.7131868132,1.31794871795
174,"Goodwin, Archie",3.72261306533,2.58291457286,10.7035175879,3.06532663317
175,"Gordon, Aaron",4.18203883495,1.15533980583,10.7902912621,1.8854368932
176,"Gordon, Ben",4.03150684932,2.66095890411,16.9284246575,3.35890410959
177,"Gordon, Drew",4.23684210526,0.210526315789,10.7105263158,1.04210526316
178,"Gordon, Eric",4.50724637681,2.17246376812,16.9937681159,2.69130434783
179,"Gortat, Marcin",3.32620599739,0.494132985658,7.28226857888,1.64524119948
180,"Granger, Danny",4.6847133758,0.687898089172,18.1757961783,1.6152866242
181,"Grant, Jerami",4.47406340058,1.03170028818,14.44870317,1.93602305476
182,"Green, Danny",5.13915416098,0.761255115962,18.7900409277,1.47039563438
183,"Green, Draymond",4.9298013245,0.501986754967,14.5654304636,1.27072847682
184,"Green, Erick",4.53703703704,2.83950617284,17.4851851852,3.20061728395
185,"Green, Gerald",4.29534883721,1.84496124031,18.3534883721,2.69354005168
186,"Green, JaMychal",3.84210526316,0.421052631579,8.15263157895,1.12105263158
187,"Green, Jeff",4.01007268951,1.45794392523,14.0272066459,2.41277258567
188,"Green, Willie",5.07614379085,2.22875816993,16.5261437908,2.4862745098
189,"Griffin, Blake",4.66666666667,1.16578947368,11.9137719298,2.43140350877
190,"Gutierrez, Jorge",3.57073170732,1.90243902439,11.3731707317,2.64390243902
191,"Hairston, PJ",4.83670411985,0.719101123596,19.6220973783,1.4202247191
192,"Hamilton, Jordan",5.09428571429,1.02857142857,19.0628571429,2.16285714286
193,"Hamilton, Justin",3.95617977528,0.331460674157,10.3837078652,1.20056179775
194,"Hansbrough, Tyler",2.72515337423,0.276073619632,4.90245398773,1.18895705521
195,"Hardaway Jr., Tim",4.25198300283,1.38243626062,18.2117563739,2.00509915014
196,"Harden, James",3.75807345807,5.02702702703,14.7673596674,5.76458766459
197,"Harkless, Maurice",4.82243589744,1.10256410256,11.3628205128,1.69358974359
198,"Harris, Devin",4.84790076336,3.18893129771,16.7753816794,3.36030534351
199,"Harris, Gary",4.61244239631,1.47926267281,16.9870967742,2.20230414747
200,"Harris, Joe",5.38166666667,0.633333333333,19.3691666667,1.385
201,"Harris, Tobias",4.00234042553,1.38936170213,12.5673404255,2.24829787234
202,"Haslem, Udonis",3.87025862069,0.262931034483,9.43879310345,1.15818965517
203,"Hawes, Spencer",5.39757869249,0.513317191283,16.015496368,1.54140435835
204,"Hayes, Charles",3.21956521739,0.239130434783,4.77608695652,0.917391304348
205,"Hayward, Gordon",4.52997224792,3.00832562442,14.8860314524,3.56549491212
206,"Haywood, Brendan",2.87,0.8,6.95666666667,2.14333333333
207,"Henderson, Gerald",4.0813459268,1.95395513577,14.6527744982,2.68713105077
208,"Henry, Xavier",4.53846153846,1.69230769231,12.0923076923,2.36153846154
209,"Henson, John",2.6943452381,0.494047619048,4.72648809524,1.46339285714
210,"Hibbert, Roy",3.15098870056,0.824858757062,9.56638418079,2.31144067797
211,"Hickson, JJ",3.00592105263,0.524122807018,6.27872807018,1.47828947368
212,Nene,4.15521885522,0.644781144781,9.70286195286,2.09410774411
213,"Hill, George",4.35187265918,4.78464419476,15.1970037453,4.86573033708
214,"Hill, Jordan",4.43001293661,0.539456662354,12.1566623545,2.08758085382
215,"Hill, Solomon",4.04228934817,1.69793322734,12.9364069952,2.53545310016
216,"Hinrich, Kirk",4.9691292876,2.81002638522,18.2934036939,3.07704485488
217,"Holiday, Jrue",3.93778195489,5.12781954887,13.2964285714,5.11954887218
218,"Holiday, Justin",5.32435897436,0.623931623932,17.1333333333,1.51623931624
219,"Hollins, Ryan",3.51341463415,0.378048780488,6.40487804878,1.32317073171
220,"Hood, Rodney",4.68288770053,2.05080213904,17.0403743316,2.71016042781
221,"Horford, Al",4.83392484342,0.567849686848,11.7977035491,1.81597077244
222,"Howard, Dwight",2.40197044335,0.93842364532,4.16330049261,2.39926108374
223,"Hudson, Lester",4.23571428571,2.28571428571,15.6928571429,3.00714285714
224,"Hummel, Robbie",5.62590361446,0.397590361446,17.0042168675,1.07891566265
225,"Humphries, Kris",4.66412556054,0.336322869955,11.8578475336,1.34843049327
226,"Ibaka, Serge",4.94801026958,0.264441591784,15.4232349166,1.38164313222
227,"Iguodala, Andre",4.91659836066,1.4487704918,15.1368852459,2.36967213115
228,"Ilyasova, Ersan",4.96077348066,0.377532228361,14.8847145488,1.15211786372
229,"Ingles, Joe",5.68441926346,1.19830028329,19.0439093484,2.13796033994
230,"Irving, Kyrie",3.64296296296,5.33251028807,14.0832098765,5.40436213992
231,"Jack, Jarrett",3.91594561187,5.49196538937,14.5577255871,5.48096415328
232,"Jackson, Reggie",3.85352822581,5.8064516129,13.7852822581,5.78024193548
233,"James, Bernard",2.05185185185,0.148148148148,2.9037037037,1.14074074074
234,"James, LeBron",4.18501189532,4.69944488501,14.0862807296,5.69785884219
235,"Jefferson, Al",3.08927507448,0.657398212512,9.41241310824,2.54885799404
236,"Jefferson, Cory",3.3864516129,0.503225806452,10.4767741935,1.37612903226
237,"Jefferson, Richard",4.44520123839,0.934984520124,15.6953560372,1.85541795666
238,"Jenkins, John",5.62929292929,0.69696969697,19.6121212121,1.57676767677
239,"Jennings, Brandon",4.1887037037,5.79074074074,15.6151851852,5.3637037037
240,"Jerebko, Jonas",4.94641909814,0.48275862069,14.7331564987,1.32864721485
241,"Jerrett, Grant",7.51923076923,0.269230769231,18.6076923077,1.35769230769
242,"Johnson, Amir",3.09417475728,0.508737864078,7.05378640777,1.37631067961
243,"Johnson, Chris",4.67077922078,0.577922077922,17.3642857143,1.31298701299
244,"Johnson, James",3.4625,1.965,8.108,2.69125
245,"Johnson, Joe",4.22210109019,3.26660059465,15.6105054509,3.82457879088
246,"Johnson, Nick",3.248,2.09333333333,11.5426666667,2.58533333333
247,"Johnson, Tyler",4.15301204819,2.28313253012,14.0138554217,2.61626506024
248,"Johnson, Wesley",4.62838427948,0.854439592431,17.8815138282,1.73318777293
249,"Jones, Dahntay",3.81904761905,1.2380952381,12.9666666667,2.0380952381
250,"Jones, James",5.692039801,0.283582089552,23.2402985075,1.14129353234
251,"Jones, Perry",4.11358695652,1.14673913043,13.6429347826,2.00108695652
252,"Jones, Terrence",3.27912457912,0.895622895623,7.71414141414,2.00538720539
253,"Jordan, DeAndre",2.89885277247,0.160611854685,3.43728489484,0.756405353728
254,"Jordan, Jerome",2.79285714286,0.404761904762,5.27857142857,1.30476190476
255,"Joseph, Cory",3.55476772616,3.9804400978,10.3334963325,3.8586797066
256,"Kaman, Chris",3.11263736264,0.745421245421,8.41208791209,1.88992673993
257,"Kanter, Enes",3.49270946681,0.466811751904,7.94624591948,1.61751904244
258,"Karasev, Sergey",4.87272727273,0.560606060606,15.2734848485,1.27575757576
259,"Kelly, Ryan",4.9288961039,0.779220779221,17.3607142857,1.76688311688
260,"Kidd-Gilchrist, Michael",3.43577405858,1.29079497908,9.85062761506,1.91736401674
261,"Kilpatrick, Sean",4.45263157895,0.368421052632,19.6526315789,1.07894736842
262,"Kirilenko, Andrei",1.725,1.25,3.475,1.575
263,"Kirk, Alex",3.625,0.0,12.125,0.775
264,"Knight, Brandon",4.5498853211,4.82683486239,16.5233944954,4.4754587156
265,"Korver, Kyle",4.96605351171,0.314381270903,22.0953177258,0.792307692308
266,"Koufos, Kosta",3.17683615819,0.389830508475,6.80875706215,1.20141242938
267,"Kuzmic, Ognjen",3.89166666667,0.0,8.53333333333,0.833333333333
268,"LaVine, Zach",4.19175412294,3.73463268366,15.0464767616,4.03013493253
269,"Lamb, Jeremy",4.2168,2.288,17.2912,2.9264
270,"Landry, Carl",3.66967213115,0.333333333333,9.65273224044,1.64890710383
271,"Larkin, Shane",4.58564705882,3.02823529412,14.4748235294,3.27529411765
272,"Lauvergne, Joffrey",3.94606741573,0.52808988764,9.46516853933,1.41685393258
273,"Lawson, Ty",4.40520607375,5.31670281996,14.0879609544,5.45509761388
274,"Ledo, Ricky",3.684375,2.28125,12.8489583333,2.7125
275,"Lee, Courtney",4.6475,1.1609375,16.43140625,1.89140625
276,"Lee, David",2.88436482085,0.742671009772,7.00553745928,1.74983713355
277,"Lee, Malcolm",2.7,6.0,7.8,5.7
278,"Len, Alex",3.45043478261,0.240579710145,7.5115942029,1.2484057971
279,"Leonard, Kawhi",4.21101591187,2.0758873929,13.7892288862,2.90428396573
280,"Leonard, Meyers",5.97755102041,0.338775510204,16.1865306122,1.28326530612
281,"Leuer, Jon",4.18534798535,0.454212454212,11.9644688645,1.42637362637
282,"Lillard, Damian",4.18878228782,5.23837638376,16.3107749077,5.27675276753
283,"Lin, Jeremy",3.81566820276,4.3886328725,14.1344086022,4.89784946237
284,"Livingston, Shaun",3.00279187817,3.24111675127,9.15532994924,3.7423857868
285,"Lopez, Brook",3.78738069989,0.564156945917,9.9619300106,1.82343584305
286,"Lopez, Robin",3.24055299539,0.306451612903,6.33156682028,1.10852534562
287,"Love, Kevin",4.55373134328,0.573560767591,15.1859275053,1.77622601279
288,"Lowry, Kyle",3.98763183126,4.8092042186,16.1426653883,4.98916586769
289,"Lucas, Kalin",5.9,19.0,16.4,15.2
290,"Lucas III, John",4.31153846154,6.57692307692,18.4923076923,6.29230769231
291,"Mack, Shelvin",5.28762886598,3.55326460481,16.5254295533,3.48487972509
292,"Mahinmi, Ian",2.78909952607,0.24644549763,5.48104265403,1.12938388626
293,"Marble, Devyn",5.62325581395,0.860465116279,15.5046511628,1.6
294,"Marion, Shawn",3.65572519084,0.675572519084,9.09045801527,1.40305343511
295,"Marshall, Kendall",5.02277227723,4.0396039604,17.0277227723,4.14752475248
296,"Martin, Cartier",5.32115384615,0.711538461538,20.5461538462,1.40769230769
297,"Martin, Kenyon",5.36666666667,0.333333333333,9.01904761905,1.01904761905
298,"Martin, Kevin",4.18152350081,1.02917341977,17.1034035656,2.20259319287
299,"Matthews, Wesley",4.86711051931,1.17043941411,18.5311584554,2.11584553928
300,"Maxiell, Jason",3.43174603175,0.354497354497,8.61481481481,1.22433862434
301,"Mayo, O.J.",4.18619676946,1.38913362702,16.5430249633,2.09882525698
302,"Mbah a Moute, Luc",4.84560260586,0.871335504886,14.7320846906,1.87540716612
303,"McAdoo, James Michael",2.78863636364,0.522727272727,4.64772727273,1.32272727273
304,"McCallum, Ray",4.18326180258,3.50214592275,12.541416309,3.59356223176
305,"McCollum, CJ",4.5402739726,2.68219178082,15.9076712329,3.10191780822
306,"McDaniels, KJ",4.04366197183,1.34037558685,13.3147887324,2.07394366197
307,"McDermott, Doug",4.37307692308,0.884615384615,14.6355769231,1.62307692308
308,"McGary, Mitch",3.47515151515,0.284848484848,7.08606060606,1.26909090909
309,"McGee, JaVale",2.98227848101,0.443037974684,5.96582278481,1.27341772152
310,"McLemore, Ben",4.9161407767,1.08131067961,16.8065533981,1.76492718447
311,"McNeal, Jerel",3.94545454545,4.45454545455,12.8363636364,4.28181818182
312,"McRoberts, Josh",3.95471698113,0.811320754717,13.1849056604,1.76226415094
313,"Meeks, Jodie",4.43789868668,0.96435272045,16.8240150094,1.53358348968
314,"Mekel, Gal",3.505,5.85,12.97,5.175
315,"Middleton, Khris",4.54713450292,1.36023391813,15.749005848,2.05497076023
316,"Miles, CJ",4.3696969697,0.877575757576,19.1362424242,1.37781818182
317,"Miller, Andre",3.27777777778,4.84375,9.834375,5.14444444444
318,"Miller, Darius",4.47142857143,1.0,16.5285714286,2.21428571429
319,"Miller, Mike",6.12090909091,0.3,23.7563636364,1.10727272727
320,"Miller, Quincy",4.795,0.9,17.445,1.89
321,"Mills, Patty",5.26339285714,2.53571428571,19.3467261905,2.61369047619
322,"Millsap, Elijah",4.23376068376,1.13675213675,13.6465811966,1.85555555556
323,"Millsap, Paul",4.11292073833,1.04777415852,11.0389793702,2.05157437568
324,"Mirotic, Nikola",4.85716612378,0.855048859935,16.9298045603,1.8654723127
325,"Mohammed, Nazr",3.34137931034,0.344827586207,8.78275862069,1.56896551724
326,"Monroe, Greg",2.43736780259,1.19506462985,5.21175088132,2.74089306698
327,"Moore, E'Twaun",4.25,2.96323529412,13.4345588235,3.09558823529
328,"Moreland, Eric",3.0,1.0,5.9,2.3
329,"Morris, Darius",4.84761904762,5.4,14.2971428571,5.15619047619
330,"Morris, Marcus",4.61957950066,1.27332457293,16.6462549277,2.1346911958
331,"Morris, Markieff",4.13967093236,0.928702010969,12.6648080439,2.12458866545
332,"Morrow, Anthony",4.67752442997,0.71661237785,18.3832247557,1.38273615635
333,"Motiejunas, Donatas",3.90319767442,0.80523255814,9.65537790698,1.93139534884
334,"Mozgov, Timofey",3.25088652482,0.372340425532,5.99379432624,1.34663120567
335,"Muhammad, Shabazz",3.16606683805,1.01285347044,9.95681233933,1.66066838046
336,"Murry, Toure",5.82,2.4,10.14,3.3
337,"Muscala, Mike",4.87891156463,0.319727891156,11.5639455782,1.06802721088
338,"Napier, Shabazz",4.61666666667,2.84210526316,18.5425438596,3.36403508772
339,"Neal, Gary",3.68107569721,2.49203187251,17.3615537849,3.12231075697
340,"Nelson, Jameer",4.75109780439,5.02594810379,18.8912175649,4.95249500998
341,"Nicholson, Andrew",4.85608465608,0.492063492063,15.1095238095,1.50264550265
342,"Noah, Joakim",3.4401891253,0.451536643026,7.10874704492,1.32458628842
343,"Noel, Nerlens",3.18072100313,0.634796238245,6.84702194357,1.63902821317
344,"Nogueira, Lucas",4.2875,0.0,8.0,0.9875
345,"Novak, Steve",5.63214285714,0.178571428571,24.0964285714,1.00714285714
346,"Nowitzki, Dirk",4.50593220339,0.624293785311,17.3392655367,2.00150659134
347,"Nurkic, Jusuf",2.88052631579,0.647368421053,6.17763157895,1.53342105263
348,"O'Bryant, Johnny",4.62260869565,0.382608695652,12.0617391304,0.242608695652
349,"O'Quinn, Kyle",4.69710743802,0.392561983471,12.5462809917,1.69338842975
350,"Oladipo, Victor",3.77737765466,3.9215143121,12.0963065559,4.15087719298
351,"Olynyk, Kelly",4.9669245648,0.63829787234,13.6551257253,1.55899419729
352,"Onuaku, Arinze",2.85,0.214285714286,4.05,1.05
353,"Pachulia, Zaza",4.54523809524,0.440476190476,9.48412698413,1.57619047619
354,"Papanikolaou, Kostas",5.48677248677,0.820105820106,15.7169312169,1.78095238095
355,"Pargo, Jannero",3.76,2.6,22.2257142857,3.08571428571
356,"Parker, Jabari",3.45670498084,1.3754789272,9.84367816092,2.0816091954
357,"Parker, Tony",3.79795427196,5.84596871239,12.3123947052,5.09675090253
358,"Parsons, Chandler",4.28614823815,1.30984204131,14.3030376671,2.3354799514
359,"Patterson, Patrick",5.37406015038,0.531954887218,16.8037593985,1.17180451128
360,"Paul, Chris",4.63927958834,5.91509433962,16.8305317324,5.97341337907
361,"Payne, Adreian",3.95090909091,0.709090909091,11.6995454545,1.97045454545
362,"Payton, Elfrid",3.14179743224,5.5335235378,7.96562054208,5.19186875892
363,"Pekovic, Nikola",2.41597444089,0.843450479233,5.84089456869,2.12044728435
364,"Perkins, Kendrick",2.93362831858,0.721238938053,5.45265486726,1.91902654867
365,"Pierce, Paul",4.27286585366,0.900914634146,17.1463414634,1.92804878049
366,"Plumlee, Mason",2.79977827051,0.623059866962,4.36807095344,1.66518847007
367,"Plumlee, Miles",2.8693877551,0.395918367347,4.86530612245,1.51673469388
368,"Pondexter, Quincy",4.80382882883,0.84009009009,16.6281531532,1.62387387387
369,"Porter, Otto",4.71713554987,0.664961636829,15.0677749361,1.47468030691
370,"Powell, Dwight",5.10746268657,0.462686567164,12.3791044776,1.35820895522
371,"Pressey, Phil",4.64425287356,4.90804597701,14.883908046,4.7132183908
372,"Price, A.J.",3.9,5.63503649635,18.2138686131,5.28321167883
373,"Price, Ronnie",4.40765765766,2.88738738739,17.6184684685,3.49324324324
374,"Prigioni, Pablo",5.67850877193,1.91228070175,21.098245614,2.45921052632
375,"Prince, Tayshaun",4.266,1.2525,15.0695,2.27225
376,"Raduljica, Miroslav",2.9125,0.5,6.225,1.925
377,"Randle, Julius",4.23333333333,2.33333333333,10.6,5.63333333333
378,"Randolph, Shavlik",3.73714285714,0.6,8.52285714286,1.78857142857
379,"Randolph, Zach",3.04940923738,0.917293233083,8.59334049409,2.47755102041
380,"Redick, JJ",4.9911039657,0.7320471597,19.6297963558,1.43762057878
381,"Rice Jr., Glen",4.09333333333,1.06666666667,16.2666666667,1.60666666667
382,"Richardson, Jason",4.92285714286,1.49142857143,18.7697142857,2.37942857143
383,"Ridnour, Luke",5.05085714286,5.12,18.6897142857,4.59657142857
384,"Rivers, Austin",4.27560483871,4.31451612903,12.9379032258,4.39717741935
385,"Roberson, Andre",5.4765,0.405,12.562,1.2005
386,"Roberts, Brian",4.71884700665,3.38359201774,18.9345898004,3.67294900222
387,"Robinson, Glenn",4.33731343284,1.40298507463,14.328358209,2.07014925373
388,"Robinson, Nate",4.40869565217,4.09090909091,17.937944664,4.24743083004
389,"Robinson, Thomas",3.26201550388,0.984496124031,6.4484496124,1.93255813953
390,"Rondo, Rajon",4.35552099533,4.24261275272,12.3790046656,4.65194401244
391,"Rose, Derrick",3.76410564226,3.6818727491,14.8162064826,4.20540216086
392,"Ross, Terrence",4.48643617021,1.40292553191,18.1022606383,2.0914893617
393,"Rubio, Ricky",4.4904109589,3.96347031963,17.1360730594,4.0100456621
394,"Rudez, Damjan",5.45589353612,0.486692015209,20.9372623574,1.26539923954
395,"Rush, Brandon",5.52830188679,1.54716981132,17.820754717,2.16603773585
396,"Sacre, Robert",3.86754098361,0.626229508197,10.9039344262,2.0262295082
397,"Salmons, John",5.925,1.08333333333,19.64375,2.19791666667
398,"Sampson, JaKarr",4.2943452381,1.75892857143,12.6443452381,2.5375
399,"Sanders, Larry",2.83647058824,0.382352941176,4.77705882353,1.19294117647
400,"Schroder, Dennis",3.99939759036,5.57078313253,12.447439759,5.64246987952
401,"Scola, Luis",3.66319115324,0.603475513428,10.6300157978,1.64075829384
402,"Scott, Mike",4.83752759382,0.295805739514,15.6353200883,1.20353200883
403,"Sefolosha, Thabo",4.49473684211,0.846153846154,12.124291498,1.62064777328
404,"Seraphin, Kevin",3.32583518931,0.930957683742,9.0986636971,2.49064587973
405,"Sessions, Ramon",3.78090909091,3.70303030303,11.7763636364,3.9796969697
406,"Shumpert, Iman",4.96446808511,1.79787234043,17.1727659574,2.44340425532
407,"Shved, Alexey",4.04424242424,3.41515151515,15.2033333333,3.76909090909
408,"Sims, Henry",4.18606060606,0.218181818182,11.1848484848,1.34888888889
409,"Singler, Kyle",5.14382022472,0.862921348315,17.9175280899,1.63258426966
410,"Sloan, Donald",3.44124293785,5.53107344633,14.3290960452,5.34802259887
411,"Smart, Marcus",4.29329140461,2.00419287212,18.1467505241,2.4786163522
412,"Smith, Greg",2.71041666667,0.166666666667,2.725,1.07291666667
413,"Smith, Ish",3.51606648199,5.68698060942,9.56066481994,5.35290858726
414,"Smith, J.R.",4.6238410596,2.00264900662,20.7574834437,2.74794701987
415,"Smith, Jason",4.69215017065,0.377133105802,14.7863481229,1.64129692833
416,"Smith, Josh",4.07838939857,1.0876656473,12.1777777778,2.12915392457
417,"Smith, Russ",4.536,3.84,14.944,3.596
418,"Snell, Tony",4.89214092141,1.16260162602,17.0756097561,1.88699186992
419,"Speights, Marreese",4.28995290424,0.368916797488,11.9773940345,1.25416012559
420,"Splitter, Tiago",2.59833887043,0.558139534884,4.18006644518,1.56976744186
421,"Stauskas, Nik",4.68141891892,1.41891891892,18.1013513514,2.06858108108
422,"Stephenson, Lance",4.10857664234,2.93613138686,14.120620438,3.53850364964
423,"Stiemsma, Greg",4.6875,0.0,4.325,0.6875
424,"Stockton, David",5.7,3.5,17.1,4.1
425,"Stokes, Jarnell",2.88378378378,0.567567567568,4.85135135135,1.62702702703
426,"Stoudemire, Amar'e",2.70821355236,0.696098562628,6.93778234086,2.47597535934
427,"Stuckey, Rodney",3.89360852197,3.42609853529,13.0892143808,3.79094540613
428,"Sullinger, Jared",4.1984375,0.752840909091,13.3034090909,1.91860795455
429,"Taylor, Jeff",4.69912280702,1.29824561404,13.7175438596,2.18596491228
430,"Teague, Jeff",4.30760499432,5.55845629966,11.7114642452,5.4123723042
431,"Teletovic, Mirza",4.80862619808,0.600638977636,18.5667731629,1.39392971246
432,"Telfair, Sebastian",3.83278688525,4.45081967213,16.3942622951,4.70409836066
433,"Temple, Garrett",5.32588235294,1.11176470588,17.3217647059,1.80823529412
434,"Terry, Jason",4.97737556561,1.15837104072,20.2479638009,1.89027149321
435,"Thomas, Isaiah",3.85279898219,3.83333333333,15.5581424936,4.12188295165
436,"Thomas, Lance",4.23316582915,0.723618090452,12.558040201,1.77688442211
437,"Thomas, Malcolm",4.29487179487,0.358974358974,8.99230769231,1.45384615385
438,"Thomas, Tyrus",3.5,1.0,16.7,1.8
439,"Thompson, Hollis",4.80320150659,0.826741996234,17.6041431262,1.49152542373
440,"Thompson, Jason",3.89694835681,0.453051643192,9.57676056338,1.36291079812
441,"Thompson, Klay",4.13666146646,1.55460218409,16.8170826833,2.27737909516
442,"Thompson, Tristan",2.69041666667,0.45,4.66645833333,1.30041666667
443,"Thornton, Marcus",3.92176470588,1.83235294118,16.5891176471,2.26205882353
444,"Tolliver, Anthony",5.61943734015,0.130434782609,20.1754475703,0.987979539642
445,"Tucker, PJ",4.91266891892,1.07263513514,14.910472973,1.91266891892
446,"Turiaf, Ronny",,,,
447,"Turkoglu, Hedo",5.3164893617,0.994680851064,22.1760638298,1.9835106383
448,"Turner, Evan",3.91226415094,4.19137466307,12.8978436658,4.46576819407
449,"Udoh, Ekpe",3.74583333333,0.666666666667,9.52083333333,2.16666666667
450,"Udrih, Beno",4.27385229541,3.40918163673,14.7183632735,3.51616766467
451,"Valanciunas, Jonas",2.81702786378,0.708978328173,5.55185758514,2.07708978328
452,"Varejao, Anderson",3.99296482412,0.422110552764,8.15175879397,1.24472361809
453,"Vasquez, Greivis",4.62320441989,3.13121546961,17.3798342541,3.60248618785
454,"Villanueva, Charlie",5.12154696133,0.395027624309,18.3071823204,1.1638121547
455,"Vonleh, Noah",3.668,0.973333333333,9.568,2.116
456,"Vucevic, Nikola",3.85877413938,0.685138539043,10.0337531486,1.69403862301
457,"Wade, Dwyane",3.39050332384,3.51661918329,12.5228869896,4.25660018993
458,"Waiters, Dion",4.3377540107,2.48663101604,14.0807486631,3.25272727273
459,"Walker, Henry",5.79133333333,0.453333333333,21.368,1.34333333333
460,"Walker, Kemba",3.84682377049,5.00922131148,14.8006147541,4.91618852459
461,"Wall, John",4.44076322637,5.67649609714,14.3359930616,5.71812662619
462,"Wallace, Gerald",3.19705882353,0.794117647059,6.78529411765,1.40588235294
463,"Warren, TJ",3.46962616822,1.02803738318,8.70186915888,1.71261682243
464,"Watson, CJ",4.62043269231,3.54086538462,17.1925480769,3.734375
465,"Wear, David",3.35,0.0,13.8,0.5
466,"Wear, Travis",4.68507462687,0.786069651741,16.3666666667,1.97213930348
467,"Webster, Martell",4.66222222222,0.777777777778,17.79,1.59
468,"West, David",4.33862973761,0.730320699708,13.6702623907,1.76093294461
469,"Westbrook, Russell",3.63525377229,5.02057613169,13.2358710562,5.17626886145
470,"Whiteside, Hassan",2.54763157895,0.381578947368,5.14657894737,1.53131578947
471,"Whittington, Shayne",4.02857142857,0.380952380952,10.4928571429,1.2619047619
472,"Wiggins, Andrew",3.30616621984,1.43163538874,11.7463806971,2.45290437891
473,"Wilcox, CJ",4.48684210526,0.763157894737,20.1526315789,1.47894736842
474,"Williams, Deron",4.01731770833,5.18229166667,14.9700520833,5.22044270833
475,"Williams, Derrick",4.42765072765,0.887733887734,13.1257796258,1.71787941788
476,"Williams, Elliot",4.68333333333,1.44444444444,18.5694444444,2.44444444444
477,"Williams, Lou",4.13786407767,3.96763754045,18.5593311758,4.59115426106
478,"Williams, Marvin",5.85740365112,0.350912778905,19.0811359026,1.20405679513
479,"Williams, Mo",4.21217798595,4.90281030445,19.5282201405,4.67552693208
480,"Williams, Reggie",4.58205128205,1.20512820513,15.7076923077,2.06153846154
481,"Williams, Shawne",5.44232081911,0.320819112628,18.9109215017,1.16416382253
482,"Withey, Jeff",2.98125,0.15625,5.4421875,1.0234375
483,"Wolters, Nate",3.34385964912,4.43859649123,9.88947368421,4.39473684211
484,"Wright, Brandan",2.79889196676,0.434903047091,5.47008310249,1.20498614958
485,"Wright, Dorell",4.64684210526,0.868421052632,18.1952631579,1.64052631579
486,"Wroten, Tony",3.62046511628,3.0488372093,12.1725581395,3.47255813953
487,"Young, James",4.83,0.57,19.898,1.271
488,"Young, Nick",3.49830866808,2.84566596195,19.0372093023,3.49513742072
489,"Young, Thaddeus",3.59062170706,1.24973656481,9.73171759747,2.35995785037
490,"Zeller, Cody",4.43611859838,0.401617250674,10.530458221,1.27008086253
491,"Zeller, Tyler",3.19363784666,0.401305057096,7.07422512235,1.37814029364
